{
  "Create Application Category" : {
    "transaction" : "Create Application Category",
    "sampleCount" : 1000,
    "errorCount" : 10,
    "errorPct" : 1.0,
    "meanResTime" : 13349.473000000002,
    "medianResTime" : 13199.0,
    "minResTime" : 1103.0,
    "maxResTime" : 31917.0,
    "pct1ResTime" : 17864.0,
    "pct2ResTime" : 18220.75,
    "pct3ResTime" : 20027.37,
    "throughput" : 24.06449284081338,
    "receivedKBytesPerSec" : 14.196640747202503,
    "sentKBytesPerSec" : 38.70712572193479
  },
  "Delete Android Application" : {
    "transaction" : "Delete Android Application",
    "sampleCount" : 1000,
    "errorCount" : 0,
    "errorPct" : 0.0,
    "meanResTime" : 14.31199999999999,
    "medianResTime" : 12.0,
    "minResTime" : 9.0,
    "maxResTime" : 178.0,
    "pct1ResTime" : 20.0,
    "pct2ResTime" : 25.0,
    "pct3ResTime" : 39.98000000000002,
    "throughput" : 69.43480072212192,
    "receivedKBytesPerSec" : 39.39611251909457,
    "sentKBytesPerSec" : 111.26845446812943
  },
  "Get User Access Token" : {
    "transaction" : "Get User Access Token",
    "sampleCount" : 1,
    "errorCount" : 0,
    "errorPct" : 0.0,
    "meanResTime" : 387.0,
    "medianResTime" : 387.0,
    "minResTime" : 387.0,
    "maxResTime" : 387.0,
    "pct1ResTime" : 387.0,
    "pct2ResTime" : 387.0,
    "pct3ResTime" : 387.0,
    "throughput" : 2.5839793281653747,
    "receivedKBytesPerSec" : 7.302769702842377,
    "sentKBytesPerSec" : 0.9538517441860465
  },
  "Total" : {
    "transaction" : "Total",
    "sampleCount" : 13001,
    "errorCount" : 4952,
    "errorPct" : 38.08938,
    "meanResTime" : 19134.557957080247,
    "medianResTime" : 17743.0,
    "minResTime" : 9.0,
    "maxResTime" : 47687.0,
    "pct1ResTime" : 33571.8,
    "pct2ResTime" : 34029.0,
    "pct3ResTime" : 34637.979999999996,
    "throughput" : 128.9781746031746,
    "receivedKBytesPerSec" : 200.06008572048611,
    "sentKBytesPerSec" : 130.1045348152282
  },
  "Get Application" : {
    "transaction" : "Get Application",
    "sampleCount" : 10000,
    "errorCount" : 4942,
    "errorPct" : 49.42,
    "meanResTime" : 23538.166799999897,
    "medianResTime" : 23519.5,
    "minResTime" : 940.0,
    "maxResTime" : 47687.0,
    "pct1ResTime" : 33903.0,
    "pct2ResTime" : 34144.0,
    "pct3ResTime" : 34773.99,
    "throughput" : 189.38317898604245,
    "receivedKBytesPerSec" : 348.1044075383975,
    "sentKBytesPerSec" : 152.1000301237619
  },
  "Create Android Application" : {
    "transaction" : "Create Android Application",
    "sampleCount" : 1000,
    "errorCount" : 0,
    "errorPct" : 0.0,
    "meanResTime" : 22.54800000000001,
    "medianResTime" : 18.0,
    "minResTime" : 11.0,
    "maxResTime" : 1028.0,
    "pct1ResTime" : 34.0,
    "pct2ResTime" : 42.0,
    "pct3ResTime" : 69.99000000000001,
    "throughput" : 43.89044943820225,
    "receivedKBytesPerSec" : 27.429302086990873,
    "sentKBytesPerSec" : 82.1570921479986
  }
}