{
  "Delete Android Application" : {
    "transaction" : "Delete Android Application",
    "sampleCount" : 10,
    "errorCount" : 0,
    "errorPct" : 0.0,
    "meanResTime" : 13.600000000000001,
    "medianResTime" : 12.0,
    "minResTime" : 11.0,
    "maxResTime" : 32.0,
    "pct1ResTime" : 30.000000000000007,
    "pct2ResTime" : 32.0,
    "pct3ResTime" : 32.0,
    "throughput" : 70.92198581560284,
    "receivedKBytesPerSec" : 40.23991578014185,
    "sentKBytesPerSec" : 113.58599290780143
  },
  "Get User Access Token" : {
    "transaction" : "Get User Access Token",
    "sampleCount" : 1,
    "errorCount" : 0,
    "errorPct" : 0.0,
    "meanResTime" : 283.0,
    "medianResTime" : 283.0,
    "minResTime" : 283.0,
    "maxResTime" : 283.0,
    "pct1ResTime" : 283.0,
    "pct2ResTime" : 283.0,
    "pct3ResTime" : 283.0,
    "throughput" : 3.5335689045936394,
    "receivedKBytesPerSec" : 9.986473056537104,
    "sentKBytesPerSec" : 1.3043838339222615
  },
  "Total" : {
    "transaction" : "Total",
    "sampleCount" : 231,
    "errorCount" : 0,
    "errorPct" : 0.0,
    "meanResTime" : 53.42424242424238,
    "medianResTime" : 28.0,
    "minResTime" : 8.0,
    "maxResTime" : 283.0,
    "pct1ResTime" : 135.60000000000002,
    "pct2ResTime" : 164.0,
    "pct3ResTime" : 231.4000000000002,
    "throughput" : 88.57361963190185,
    "receivedKBytesPerSec" : 54.6860022047546,
    "sentKBytesPerSec" : 147.2025678201687
  },
  "Delete Portfolio" : {
    "transaction" : "Delete Portfolio",
    "sampleCount" : 100,
    "errorCount" : 0,
    "errorPct" : 0.0,
    "meanResTime" : 10.789999999999996,
    "medianResTime" : 10.0,
    "minResTime" : 8.0,
    "maxResTime" : 24.0,
    "pct1ResTime" : 12.900000000000006,
    "pct2ResTime" : 17.0,
    "pct3ResTime" : 23.95999999999998,
    "throughput" : 89.84725965858041,
    "receivedKBytesPerSec" : 50.97779088050314,
    "sentKBytesPerSec" : 147.2214033018868
  },
  "Create Portfolio" : {
    "transaction" : "Create Portfolio",
    "sampleCount" : 100,
    "errorCount" : 0,
    "errorPct" : 0.0,
    "meanResTime" : 94.78000000000003,
    "medianResTime" : 89.0,
    "minResTime" : 34.0,
    "maxResTime" : 241.0,
    "pct1ResTime" : 159.90000000000006,
    "pct2ResTime" : 179.69999999999993,
    "pct3ResTime" : 240.69999999999985,
    "throughput" : 97.5609756097561,
    "receivedKBytesPerSec" : 60.87080792682927,
    "sentKBytesPerSec" : 165.29153963414635
  },
  "Get Created Application" : {
    "transaction" : "Get Created Application",
    "sampleCount" : 10,
    "errorCount" : 0,
    "errorPct" : 0.0,
    "meanResTime" : 30.200000000000006,
    "medianResTime" : 27.0,
    "minResTime" : 10.0,
    "maxResTime" : 91.0,
    "pct1ResTime" : 86.30000000000001,
    "pct2ResTime" : 91.0,
    "pct3ResTime" : 91.0,
    "throughput" : 11.223344556677889,
    "receivedKBytesPerSec" : 9.820426487093153,
    "sentKBytesPerSec" : 17.45975378787879
  },
  "Create Android Application" : {
    "transaction" : "Create Android Application",
    "sampleCount" : 10,
    "errorCount" : 0,
    "errorPct" : 0.0,
    "meanResTime" : 106.3,
    "medianResTime" : 97.0,
    "minResTime" : 45.0,
    "maxResTime" : 206.0,
    "pct1ResTime" : 202.3,
    "pct2ResTime" : 206.0,
    "pct3ResTime" : 206.0,
    "throughput" : 10.416666666666666,
    "receivedKBytesPerSec" : 6.500244140625,
    "sentKBytesPerSec" : 19.460042317708336
  }
}