{
  "Create Application Category" : {
    "transaction" : "Create Application Category",
    "sampleCount" : 1000,
    "errorCount" : 0,
    "errorPct" : 0.0,
    "meanResTime" : 70.41300000000001,
    "medianResTime" : 52.0,
    "minResTime" : 26.0,
    "maxResTime" : 338.0,
    "pct1ResTime" : 130.0,
    "pct2ResTime" : 185.79999999999973,
    "pct3ResTime" : 277.97,
    "throughput" : 99.85022466300549,
    "receivedKBytesPerSec" : 56.65330129805292,
    "sentKBytesPerSec" : 162.22814216175735
  },
  "Delete Android Application" : {
    "transaction" : "Delete Android Application",
    "sampleCount" : 1000,
    "errorCount" : 0,
    "errorPct" : 0.0,
    "meanResTime" : 10.838000000000001,
    "medianResTime" : 10.0,
    "minResTime" : 7.0,
    "maxResTime" : 42.0,
    "pct1ResTime" : 15.0,
    "pct2ResTime" : 17.0,
    "pct3ResTime" : 22.0,
    "throughput" : 91.25752874612155,
    "receivedKBytesPerSec" : 51.77795332177404,
    "sentKBytesPerSec" : 146.2391203914948
  },
  "Get User Access Token" : {
    "transaction" : "Get User Access Token",
    "sampleCount" : 1,
    "errorCount" : 0,
    "errorPct" : 0.0,
    "meanResTime" : 278.0,
    "medianResTime" : 278.0,
    "minResTime" : 278.0,
    "maxResTime" : 278.0,
    "pct1ResTime" : 278.0,
    "pct2ResTime" : 278.0,
    "pct3ResTime" : 278.0,
    "throughput" : 3.5971223021582737,
    "receivedKBytesPerSec" : 10.166085881294963,
    "sentKBytesPerSec" : 1.3278439748201438
  },
  "Total" : {
    "transaction" : "Total",
    "sampleCount" : 13001,
    "errorCount" : 0,
    "errorPct" : 0.0,
    "meanResTime" : 363.73563572032793,
    "medianResTime" : 296.0,
    "minResTime" : 7.0,
    "maxResTime" : 2250.0,
    "pct1ResTime" : 805.0,
    "pct2ResTime" : 996.0,
    "pct3ResTime" : 1439.0,
    "throughput" : 175.39055122359227,
    "receivedKBytesPerSec" : 142.0707277557807,
    "sentKBytesPerSec" : 283.0024268222351
  },
  "Get Application" : {
    "transaction" : "Get Application",
    "sampleCount" : 10000,
    "errorCount" : 0,
    "errorPct" : 0.0,
    "meanResTime" : 463.5084000000001,
    "medianResTime" : 388.0,
    "minResTime" : 34.0,
    "maxResTime" : 2250.0,
    "pct1ResTime" : 883.0,
    "pct2ResTime" : 1071.949999999999,
    "pct3ResTime" : 1514.9899999999998,
    "throughput" : 247.32884843688169,
    "receivedKBytesPerSec" : 216.87261945983377,
    "sentKBytesPerSec" : 392.71860005688563
  },
  "Create Android Application" : {
    "transaction" : "Create Android Application",
    "sampleCount" : 1000,
    "errorCount" : 0,
    "errorPct" : 0.0,
    "meanResTime" : 12.31400000000002,
    "medianResTime" : 12.0,
    "minResTime" : 7.0,
    "maxResTime" : 93.0,
    "pct1ResTime" : 16.0,
    "pct2ResTime" : 19.0,
    "pct3ResTime" : 30.99000000000001,
    "throughput" : 79.59882193743532,
    "receivedKBytesPerSec" : 49.74522158322056,
    "sentKBytesPerSec" : 148.99842294834036
  }
}